height,width,z
5,5,
,,0.0
,,0.84147096
,,0.9092974
,,0.14112
,,-0.7568025
,,0.84147096
,,0.98776597
,,0.7867491
,,-0.02068353
,,-0.8313392
,,0.9092974
,,0.7867491
,,0.30807173
,,-0.44749177
,,-0.9712778
,,0.14112
,,-0.02068353
,,-0.44749177
,,-0.89168227
,,-0.9589243
,,-0.7568025
,,-0.8313392
,,-0.9712778
,,-0.9589243
,,-0.5861762
